tbr,classificacao,state_scc,primeira_vez_visto,ultima_verificacao
TBR423734344,SEM STATE SCC,,08/09/2026,08/09/2026
TBR403934334,SEM STATE SCC,,08/09/2026,08/09/2026
TBR426013151,MNR - 08/09,Manifested (FC -> DS),08/09/2026,08/09/2026
TBR426278573,INSUCESSO - MRIZ,Received,08/09/2026,08/09/2026
TBR426215672,MNR - 08/09,Manifested (FC -> DS),08/09/2026,08/09/2026
TBR426174388,MNR - 08/09,Manifested (FC -> DS),08/09/2026,08/09/2026
TBR379607985,PCT OUTRO NODE,Arrived,08/09/2026,08/09/2026
TBR420900173,PCT CANCELADO,Marked For Reprocess,08/09/2026,08/09/2026
TBR353806057,PCT OUTRO NODE,In Transit,08/09/2026,08/09/2026
TBR425743650,INSUCESSO - MRIZ,Received,08/09/2026,08/09/2026
TBR388813579,PCT OUTRO NODE,Received,08/09/2026,08/09/2026
TBR422634834,MNR - 07/09,Manifested (FC -> DS),08/09/2026,08/09/2026
TBR425741470,MNR - 07/09,Manifested (FC -> DS),08/09/2026,08/09/2026
TBR426357766,INSUCESSO - MRIZ,Received,08/09/2026,08/09/2026
TBR406427271,MNR - REINCIDENTE,Received,08/09/2026,08/09/2026
TBR426257084,MNR - 08/09,Manifested (FC -> DS),08/09/2026,08/09/2026
